"species","clade","family","wingspan_cm","mass_kg","humerus_cm","ulna_cm","mc_iv_cm","wph1_cm","original_curvature","optimized_curvature","curvature_change","wing_area_cm2","wing_loading","aspect_ratio","stress_estimate","second_moment"
"Preondactylus_buffarinii","Basal pterosaur","Basal forms",42.8,0.03,3.2,4.2,1.4,3.6,0.15,0.3,0.15,78.4765841847098,37.5016322457802,5.83562606295532,15.5241004075991,4853.19830508527
"Austriadactylus_cristatus","Basal pterosaur","Basal forms",118.8,0.457,7.1,9.7,7.2,10.1,0.15,0.3,0.15,227.064478823008,197.44039328558,15.5390223001383,50.0869010934031,101386.560924166
"Eudimorphodon_ranzii","Non-breviquartossan","Eudimorphodontoidea",38.7,0.023,2.6,3.4,9.3,3.3,0.14,0.29,0.15,35.3368180567321,63.8512498883625,10.5958182029541,19.6156251586295,3358.4048517662
"Yelaphomte_praderioi","Non-breviquartossan","Eudimorphodontoidea",69.2,0.109,4.5,6.1,3,5.9,0.14,0.29,0.15,77.7256515130333,137.572343130594,15.4023797381648,35.0539708346949,11945.1580297696
"Raeticodactylus_filisurensis","Non-breviquartossan","Eudimorphodontoidea",114.5,0.414,7.9,10.2,4.8,10.5,0.14,0.29,0.15,224.613461304679,180.814630450441,14.5920127892697,47.3343009070538,94395.8178773281
"Carniadactylus_rosenfeldi","Non-breviquartossan","Novialoidea",41,0.027,2.6,3.5,9.8,3.9,0.14,0.29,0.15,49.3366745629108,53.6862288240071,8.51800417687506,18.3947535575809,5135.10308696568
"Austriadraco_dallavecchiai","Non-breviquartossan","Eudimorphodontoidea",70.8,0.115,4,5.7,4.5,5.3,0.14,0.29,0.15,74.1918271606694,152.058527626889,16.8908092435325,36.9986222617768,11691.8774722193
"Seazzadactylus_venieri","Non-breviquartossan","Eudimorphodontoidea",69.6,0.11,4.4,5.5,2.7,6.1,0.14,0.29,0.15,58.75795455224,183.651729918645,20.6106561950399,40.4528490679512,9195.52545166631
"Arcticodactylus_cromptonellus","Non-breviquartossan","Eudimorphodontoidea",24.8,0.007,1.8,2,0.8,2.4,0.14,0.29,0.15,10.5869085720237,64.8631274491808,14.5235976067949,17.0200480159455,217.573627195492
"Caelestiventus_hanseni","Basal pterosaur","Dimorphodontidae",202.5,1.886,14,18.9,6.8,16.7,0.15,0.3,0.15,939.873788785394,196.852601070084,10.9073820573805,59.6047533018648,1209043.61175438
"Campylognathoides_liasicus","Non-breviquartossan","Novialoidea",91.5,0.228,5,6,2.3,9.3,0.14,0.29,0.15,82.9393837155542,269.676467294577,25.2360507907593,53.682453177735,22015.3102620243
"Campylognathoides_zitteli","Non-breviquartossan","Novialoidea",161.2,1.029,7.4,8.9,3.6,17.6,0.14,0.29,0.15,225.731334824929,447.190462406515,28.779167965486,83.3591764751151,186088.734226921
"Sordes_pilosus","Rhamphorhynchidae","Scaphognathinae",98.59,0.278,4,6.1,1.8,5.5,0.15,0.3,0.15,73.4335267614884,371.380773915144,33.091111542179,64.560032323426,10088.4288997696
"Jianchangnathus_robustus","Rhamphorhynchidae","Scaphognathinae",97.2,0.268,6.6,10,3.8,8.4,0.15,0.3,0.15,120.248017448303,218.638116102854,19.6424028447326,49.3319826107299,34040.9207995318
"Harpactognathus_gentryii","Rhamphorhynchidae","Scaphognathinae",251,3.3,12.7,20.8,6.3,23.4,0.15,0.3,0.15,911.300035712882,355.239753443832,17.2832759604569,85.4493036320735,1806186.28231899
"Scaphognathus_crassirostris","Rhamphorhynchidae","Scaphognathinae",96,0.259,NA,NA,NA,NA,0.15,0.3,0.15,366.329625148799,69.3580269127281,6.28941762235075,27.656136707206,193701.739199976
"Dorygnathus_banthensis","Rhamphorhynchidae","Rhamphorhynchinae",131.3,0.597,8,13.3,3.8,9.9,0.15,0.3,0.15,181.654083841147,322.402330636368,23.7259873759235,66.1890313108779,97200.7707220616
"Klobiodon_rochei","Rhamphorhynchidae","Rhamphorhynchinae",154.6,0.921,8.1,12.8,3.9,14.4,0.15,0.3,0.15,345.835320259393,261.251800227441,17.2778477210432,62.8513297832236,260693.154031911
"Parapsicephalus_purdoni","Rhamphorhynchidae","Rhamphorhynchinae",171.4,1.211,8.9,14.2,4.3,15.9,0.15,0.3,0.15,419.199559431535,283.395097459311,17.5202712759519,67.7051835532394,388205.946166252
"Qinglongopterus_guoi","Rhamphorhynchidae","Rhamphorhynchinae",33,0.015,1.7,3.4,0.8,3.2,0.15,0.3,0.15,16.4169847831352,89.6327808935805,16.5834349971303,22.0104856124503,572.23427810822
"Dearc_sgiathanach","Rhamphorhynchidae","Rhamphorhynchinae",171.4,1.212,10.5,15.6,3.7,18.9,0.15,0.3,0.15,437.279164157914,271.902276041359,16.7958837328634,66.3454911039725,409020.774207547
"Angustinaripterus_longicephalus","Rhamphorhynchidae","Rhamphorhynchinae",174.4,1.268,8.8,14.3,4.3,16.2,0.15,0.3,0.15,435.08328364317,285.901124397181,17.4767459147803,68.388893515957,410162.238627821
"Sericipterus_wucaiwanensis","Rhamphorhynchidae","Scaphognathinae",148.2,0.8,10.3,12.7,3.8,12.7,0.15,0.3,0.15,329.889468337104,237.897864383484,16.6443931286376,58.3118152035439,227214.738637637
"Bellubrunnus_rothgaengeri","Rhamphorhynchidae","Rhamphorhynchinae",13.6,0.001,0.7,1.1,0.4,1.3,0.15,0.3,0.15,2.80099501137819,35.0232683748091,16.5084192624992,8.61993373040801,15.732932793108
"Nesodactylus_hesperius","Rhamphorhynchidae","Rhamphorhynchinae",142.6,0.743,4.5,8.6,2.9,15.3,0.15,0.3,0.15,278.868714538571,261.371377282691,18.2296892228004,61.2164856699839,180706.253110211
"Cacibupteryx_caribensis","Rhamphorhynchidae","Rhamphorhynchinae",208.8,2.048,10.6,16.2,5,20.1,0.15,0.3,0.15,600.156057226083,334.760930229712,18.1608764399992,78.5536490616591,830741.117252533
"Rhamphorhynchus_muensteri","Rhamphorhynchidae","Rhamphorhynchinae",196.4,1.74,7.8,12.7,4.5,20.2,0.15,0.3,0.15,509.459109764834,335.049460748267,18.9283885893243,77.0108827671537,625136.160591087
"Rhamphorhynchus_etchesi","Rhamphorhynchidae","Rhamphorhynchinae",40.8,0.027,5.5,10.2,3.3,17,0.15,0.3,0.15,212.7247684288,12.4513004271363,1.95633072290447,8.90212266650069,195057.413345276
"Batrachognathus_volans","Anurognathidae","Anurognathidae",44.5,0.033,3.8,5,1.8,5.4,0.25,0.4,0.15,28.4935078092068,113.615354826687,17.3745718959895,27.2571204214764,1943.28307491646
"Sinomacrops_bondei","Anurognathidae","Anurognathidae",31.5,0.013,2.38,3.55,0.67,3.98,0.25,0.4,0.15,10.4117812230285,122.486246366696,23.8251740683278,25.0939648074273,332.434565871748
"Dendrorhynchoides_curvidentatus","Anurognathidae","Anurognathidae",48.9,0.043,3.5,4.8,1.1,6.3,0.25,0.4,0.15,67.4526328160267,62.5372179541928,8.86255250600036,21.0067635273521,5203.91455458539
"Luopterus_mutoudengensis","Anurognathidae","Anurognathidae",37.3,0.021,2.7,4.2,1.1,5,0.25,0.4,0.15,14.8906621007113,138.348448582524,23.3584307835032,28.6254591604375,690.390876327518
"Jeholopterus_ningchengensis","Anurognathidae","Anurognathidae",78.8,0.153,6.2,8.9,1.9,9.3,0.25,0.4,0.15,64.9934646635779,230.935526790144,23.884863009464,47.2529984439774,12991.0678555139
"Anurognathus_ammoni","Anurognathidae","Anurognathidae",40.6,0.026,3.2,4.6,1.1,5.8,0.25,0.4,0.15,20.8726328806807,122.198287804927,19.7430770883449,27.5015834732474,1359.73881291592
"Vesperopterylus_lamadongensis","Anurognathidae","Anurognathidae",88.7,0.21,6.5,8.6,3,10.8,0.25,0.4,0.15,89.0207102944203,231.418059144505,22.0951112779796,49.2321894772985,22349.7956692149
"Pterorhynchus_wellnhoferi","Darwinoptera","Darwinoptera",77.1,0.145,5.3,9.2,3.3,5.3,0.18,0.33,0.15,81.7002848104955,174.10588020585,18.1896856718067,40.8226169579362,14911.6337440969
"Kunpengopterus_antipollicatus","Darwinoptera","Darwinoptera",36.1,0.019,5.4,7.5,2.7,5.4,0.18,0.33,0.15,94.854215496849,19.6501546108082,3.43477090916242,10.602714904068,14660.3524159749
"Kunpengopterus_sinensis","Darwinoptera","Darwinoptera",72.6,0.123,4.6,6.4,2.7,6,0.18,0.33,0.15,149.158204708354,80.8959857326854,8.83417712472773,27.2172297938116,24928.2103871253
"Wukongopterus_lii","Darwinoptera","Darwinoptera",65.9,0.095,4.6,7.3,3,6,0.18,0.33,0.15,90.4152122186534,103.074469122103,12.0079627460744,29.745168999237,15783.4296964337
"Cuspicephalus_scarfi","Darwinoptera","Darwinoptera",138,0.7,9.7,14.5,6.3,12.2,0.18,0.33,0.15,430.784576641751,159.406821236098,11.0519277108645,47.9499196455037,307947.010044226
"Darwinopterus_modularis","Darwinoptera","Darwinoptera",80,0.16,5.3,7.6,3,6.2,0.18,0.33,0.15,160.690498940386,97.6784570556536,9.95702926153451,30.9552202982948,33399.3732654098
"Changchengopterus_pani","basal pterodactyloidea","basal pterodactyloidea",79.3,0.156,5,7.6,2.8,5.9,0.1,0.25,0.15,155.535007799847,98.3932827501685,10.1078369573435,30.9482671021797,27660.1381540566
"Kryptodrakon_progenitor","basal pterodactyloidea","basal pterodactyloidea",150.8,0.862,7.5,13,8.6,11,0.1,0.25,0.15,460.174874552532,183.76101059891,12.3543468241898,52.2809506582193,265638.313125806
"Propterodactylus_frankerlae","basal pterodactyloidea","basal pterodactyloidea",47.9,0.041,3.4,4.7,2.2,3.9,0.1,0.25,0.15,61.732451444588,65.1537385261672,9.29174990750001,21.3742352290564,4532.78466256037
"Germanodactylus_cristatus","Dsungaripteroidea","Germanodactyloidea",106.5,0.341,7.6,9.5,7.4,10.1,0.1,0.25,0.15,208.484404744004,160.453728138925,13.6008374510398,43.5077863548575,77164.6708639378
"Germanodactylus_rhamphastinus","Dsungaripteroidea","Germanodactyloidea",107.9,0.354,6.4,10,7,9,0.1,0.25,0.15,221.681662753333,156.654364500331,13.129649353265,43.2330559810418,71421.0798067948
"Pterodactylus_antiquus","Ctenochasmatoidea","basal ctenochasmatoidae",133.8,0.627,9.3,10.8,8.4,12.7,0.12,0.27,0.15,330.18450569713,186.28584606093,13.5548759035512,50.5978526109751,180455.594785215
"Petrodactyle_wellnhoferi","Ctenochasmatoidea","basal ctenochasmatoidae",207,2.002,8.9,15.2,18.9,24.9,0.12,0.27,0.15,1407.451671879,139.540279729679,7.61109614918338,50.5796692513028,1927947.71694791
"Cycnorhamphus_suevicus","Ctenochasmatoidea","basal ctenochasmatoidae",232.6,2.729,11.8,15.7,19.4,25.4,0.12,0.27,0.15,1402.77864376174,190.846147530509,9.64207008721564,61.4608066052003,2440827.11663405
"Huanhepterus_quingyangensis","Ctenochasmatoidea","Ctenochasmatidae",295.8,5.174,16.2,31.6,19.7,27.3,0.12,0.27,0.15,2214.73860423887,229.178016325965,9.8767457063031,72.9232506890987,6064233.04246087
"Ardeadactylus_longicollum","Ctenochasmatoidea","Ardeadactylidae",135.2,0.645,7.3,10.3,13.7,16.1,0.12,0.27,0.15,327.855107438228,192.995315810115,13.9383523279746,51.694108408215,169636.561992144
"Aurorazhdarcho_micronyx","Ctenochasmatoidea","Ardeadactylidae",111.6,0.387,7.7,10.2,11.6,10.7,0.12,0.27,0.15,385.657718735682,98.4414369417038,8.07358403251354,34.6453345548081,154776.678030613
"Elanodactylus_prolatus","Ctenochasmatoidea","Ctenochasmatidae",239,2.934,15,16.5,13,20.8,0.12,0.27,0.15,1546.93068070721,186.062248030671,9.23134447981308,61.2386749494044,2801883.74984926
"Forfexopterus_jeholensis","Ctenochasmatoidea","Ctenochasmatidae",222.2,2.417,11.8,19.2,14.7,19.3,0.12,0.27,0.15,1342.28228931013,176.645182528529,9.19568864038562,58.2518428041915,2145494.79228889
"Gegepterus_changi","Ctenochasmatoidea","Ctenochasmatidae",66.4,0.097,2.7,6.2,4.7,6.7,0.12,0.27,0.15,124.063329403732,76.7003436529871,8.88449476003537,25.7324384123979,18205.4243448794
"Beipiaopterus_chenianus","Ctenochasmatoidea","Ctenochasmatidae",116.1,0.429,6.8,8,7.3,17.6,0.12,0.27,0.15,230.432090584188,182.634718512109,14.6238420675564,47.7587108644306,98390.4846214274
"Gladocephaloideus_jingangshanensis","Ctenochasmatoidea","Ctenochasmatidae",98.3,0.276,5.9,8,6.2,8.6,0.12,0.27,0.15,108.315024941891,249.970860594138,22.3027460991307,52.9310141698932,32291.7969604202
"Feilongus_youngi","Ctenochasmatoidea","Lonchodectidae",226.8,2.551,11.1,17.4,22.5,26,0.12,0.27,0.15,933.510892478591,268.077321878426,13.77547932607,72.228187460392,1364165.4866109
"Moganopterus_zhuiana","Ctenochasmatoidea","Lonchodectidae",348.2,7.983,19,28.6,26.1,35.6,0.12,0.27,0.15,3108.12680131508,251.962789828474,9.75211499967607,80.6839220991733,11794193.2775202
"Liaodactylus_primus","Ctenochasmatoidea","Ctenochasmatidae",63,0.085,3.6,5.4,4.8,6.9,0.12,0.27,0.15,109.763501244244,75.9678755276335,9.03989020714688,25.2666929937853,14756.0918978114
"Cathayopterus_grabaui","Ctenochasmatoidea","Ctenochasmatidae",135.6,0.649,7.6,11.5,10.2,14.6,0.12,0.27,0.15,485.602973694499,131.108958241376,9.46625175094573,42.6131208313711,294195.612142723
"Pterofiltrus_qiui","Ctenochasmatoidea","Ctenochasmatidae",99.2,0.283,5.6,8.6,7.6,10.9,0.12,0.27,0.15,274.927410937651,100.980473010369,8.94839838490286,33.7570700784422,92472.3693334784
"Balaenognathus_maeuseri","Ctenochasmatoidea","Ardeadactylidae",121,0.479,6.2,9.4,9.5,13,0.12,0.27,0.15,193.284888146125,243.112125581567,18.9370728105387,55.8663368926662,85995.4571972832
"Plataleorhynchus_streptophorodon","Ctenochasmatoidea","Ctenochasmatidae",193.8,1.679,10.8,16.4,14.6,20.8,0.12,0.27,0.15,995.862604635154,165.394201201423,9.42861992838861,53.8637039131733,1223815.71694132
"Lusognathus_almadrava","Ctenochasmatoidea","Ctenochasmatidae",295.8,5.171,16.4,25,22.3,31.7,0.12,0.27,0.15,2296.39568547279,220.900563090703,9.52554045384232,71.5734596174913,6543870.60048885
"Gnathosaurus_subulatus","Ctenochasmatoidea","Ctenochasmatidae",136,0.655,7.5,11.5,10.3,14.5,0.12,0.27,0.15,473.57531405009,135.681692211693,9.76402245390461,43.4217044204,283721.739646442
"Tacuadactylus_luciae","Ctenochasmatoidea","Ctenochasmatidae",189.4,1.58,10.5,16.1,14.3,20.4,0.12,0.27,0.15,947.847979713503,163.526222893728,9.46152778920381,53.1626683445577,1115733.31602051
"Pterodaustro_guinazui","Ctenochasmatoidea","Ctenochasmatidae",309.7,5.841,14.8,24.3,19.8,28.2,0.12,0.27,0.15,2126.72873929043,269.42886011461,11.2748382325432,80.2396367574948,5758246.49806494
"Ctenochasma_elegans","Ctenochasmatoidea","Ctenochasmatidae",147.2,0.808,9.1,13.8,9.9,14.2,0.12,0.27,0.15,502.5862114848,157.713837325195,10.7781707420834,48.0393662107819,342563.984893703
"Ctenochasma_taqueti","Ctenochasmatoidea","Ctenochasmatidae",117.4,0.443,6.6,9.5,6,12.8,0.12,0.27,0.15,403.0386335366,107.826635919888,8.54927968012549,36.8774848694164,179817.547504529
"Zhenyuanopterus_longirostris","Ornithocheiromorpha","Ornithocheiridae",326.2,6.706,21,26.2,23,36,-0.08,0.07,0.15,1971.32814774898,333.713390513495,13.4942576812368,90.8446035345409,6742997.5302146
"Boreopterus_cuiae","Ornithocheiromorpha","Ornithocheiridae",150.7,0.86,10.4,12,9.2,14.5,-0.08,0.07,0.15,314.32503092749,268.403695852851,18.0629028596508,63.1531065204886,203646.122150645
"Boreopterus_giganticus","Ornithocheiromorpha","Ornithocheiridae",287.2,4.781,19.3,23.5,19.8,31.1,-0.08,0.07,0.15,1467.50960857333,319.600019829489,14.0516694947212,85.2595104057403,3914721.27512389
"Alamodactylus_byrdi","Pteranodontia","Nyctosauridae",402,11.695,15,18,13.6,23.8,-0.12,0.03,0.15,678.276077128539,1691.46390192173,59.5642414089502,219.164357300911,1148245.59923164
"Pteranodon_sternbergi","Pteranodontia","Pteranodontidae",513.4,22.418,23.7,37,48.8,55.9,-0.12,0.03,0.15,4668.03289089626,471.12045938857,14.116200879499,125.392929817218,41047413.21245
"Pteranodon_longiceps","Pteranodontia","Pteranodontidae",708.6,52.822,34.5,46.6,72.4,82,-0.12,0.03,0.15,8353.84764683271,620.293596324401,15.0264279774833,160.018214664906,142271107.849772
"Cretornis_hlavaci","Pteranodontia","Nyctosauridae",155.6,0.936,7.6,10.7,15.9,19.1,-0.12,0.03,0.15,490.360290732166,187.253335425875,12.3436585596325,53.2975949787355,416881.759709039
"Muzquizopteryx_coahuilensis","Pteranodontia","Nyctosauridae",180.9,1.398,8.7,14.2,19.5,21.3,-0.12,0.03,0.15,799.356040433987,171.567853450562,10.2347415746784,53.6287256320847,1023032.92481609
"Nyctosaurus_gracilis","Pteranodontia","Nyctosauridae",286.9,4.766,11.2,18.8,32,38.8,-0.12,0.03,0.15,1908.78562030133,244.943483976053,10.7806252735451,74.6008739904317,6492429.99057598
"Nyctosaurus_nanus","Pteranodontia","Nyctosauridae",192,1.638,7.4,14.7,23.5,21.4,-0.12,0.03,0.15,1043.79305345671,153.946033141199,8.82933639908751,51.808911826425,1598696.27327813
"Epapatelo_otyikokolo","Pteranodontia","Nyctosauridae",446,15.416,21.3,29,46,51.8,-0.12,0.03,0.15,4027.38769069231,375.506337146308,12.3477062103876,106.862203919533,27621653.9326072
"Alcione_elainus","Pteranodontia","Nyctosauridae",220.4,2.364,10.4,12.5,15.6,29.5,-0.12,0.03,0.15,1456.26794081718,159.24844151267,8.33915219831417,55.1460284673749,3229588.81713799
"Simurghia_robusta","Pteranodontia","Nyctosauridae",512.2,22.277,16.5,33.7,58.2,60.9,-0.12,0.03,0.15,6873.29387707451,317.951442071929,9.54232587359061,102.928033921039,77911289.9083248
"Simurghia_lamegoi","Pteranodontia","Nyctosauridae",444,15.233,18.5,31.1,51.5,55.9,-0.12,0.03,0.15,5477.44790921418,272.819992954417,8.9976209389585,90.9520195796848,45313549.3643477
"Ikrandraco_avatar","Ornithocheiromorpha","Ornithocheiridae",145.4,0.782,8.1,12.6,8.7,14.2,-0.08,0.07,0.15,435.437502198416,176.177292063015,12.1378842504743,50.5683094006281,311965.394882725
"Haopterus_gracilis","Ornithocheiromorpha","Istiodactyloidae",128,0.557,6.8,10.3,7.3,14.3,-0.08,0.07,0.15,225.24159272647,242.591518460608,18.1849184709599,56.8879041299303,118054.127877833
"Linlongopterus_jennyae","Ornithocheiromorpha","Ornithocheiridae",203.8,1.919,14.5,21.6,15.7,31.4,-0.08,0.07,0.15,1513.91953588156,124.348682699559,6.8587595006848,47.4808408626331,3897831.10282764
"Mimodactylus_libanensis","Ornithocheiromorpha","Istiodactyloidae",116,0.429,4.9,7.8,5.8,11.4,-0.08,0.07,0.15,337.519628888665,124.68874814354,9.96682773999392,39.4956066158986,146409.828355588
"Hongshanopterus_lacustris","Ornithocheiromorpha","Istiodactyloidae",177.6,1.331,9.6,17.3,12.1,20.1,-0.08,0.07,0.15,617.99726690728,211.281031473542,12.759668079864,59.1481029160228,724782.147216718
"Nurhachius_ignaciobritoi","Ornithocheiromorpha","Istiodactyloidae",241.3,3.009,14.2,24.9,15.4,26.1,-0.08,0.07,0.15,1213.02885079526,243.343676291359,12.0000628925329,70.2470844224012,2315678.4315449
"Nurhachius_luei","Ornithocheiromorpha","Istiodactyloidae",170.1,1.186,10.1,17.6,10.8,18.4,-0.08,0.07,0.15,602.736865475954,193.030502469973,12.0010951948128,55.7205636364261,570572.663022756
"Luchibang_xingzhe","Ornithocheiromorpha","Istiodactyloidae",206.4,1.986,10.6,18.9,13.3,22.1,-0.08,0.07,0.15,739.827742002712,263.340489872149,14.3955672318665,69.4069959839617,1044697.46181627
"Lingyuanopterus_camposi","Ornithocheiromorpha","Istiodactyloidae",242.2,3.038,12.5,22.3,15.6,26,-0.08,0.07,0.15,1031.2456926154,288.997861648425,14.2208690955176,76.6357761115527,2021049.82814058
"Istiodactylus_latidens","Ornithocheiromorpha","Istiodactyloidae",305.3,5.626,19.4,36.9,21.7,46.1,-0.08,0.07,0.15,2020.05060238833,273.216225052714,11.5353657341305,80.4434711535096,10057531.5803764
"Istiodactylus_sinensis","Ornithocheiromorpha","Istiodactyloidae",266.3,3.912,12.9,24.5,17.7,27.5,-0.08,0.07,0.15,1180.94982339778,324.964865057383,15.0124265643997,83.8708336796367,2717229.36761768
"Thapunngaka_shawi","Ornithocheiromorpha","Ornithocheiridae",411.4,12.436,22.2,32,22.8,48.3,-0.08,0.07,0.15,3176.893054079,384.014060036931,13.3188273195639,105.223836308207,18178120.2014656
"Ornithocheirus_simus","Ornithocheiromorpha","Ornithocheiridae",397.2,11.326,27.1,39.1,27.9,59,-0.08,0.07,0.15,4730.65796703274,234.868089754735,8.33752096957024,81.340258068525,40405630.4927386
"Aussiedraco_molnari","Ornithocheiromorpha","Ornithocheiridae",349.8,8.078,20.3,29.8,20.9,38.5,-0.08,0.07,0.15,3236.7553778963,244.829067223192,9.45082541884328,79.6394235080244,13468519.7736031
"Aetodactylus_halli","Ornithocheiromorpha","Ornithocheiridae",293.4,5.06,15.4,23,16.9,32.8,-0.08,0.07,0.15,1763.31101804661,281.507910357128,12.2048179701394,80.5795707897296,5106579.83896039
"Cimoliopterus_cuvieri","Ornithocheiromorpha","Ornithocheiridae",320,6.375,16.8,25,18.2,36.5,-0.08,0.07,0.15,2024.76855821509,308.868634621284,12.6434203534686,86.8643391017664,7001208.51753029
"Hamipterus_tianshanensis","Ornithocheiromorpha","Ornithocheiridae",313.6,6.041,16.5,24.9,18.3,35.7,-0.08,0.07,0.15,2049.563321161,289.145543287875,11.995843088211,83.4835896251615,6998925.53125022
"Iberodactylus_andreui","Ornithocheiromorpha","Ornithocheiridae",446,15.416,23,34.9,25.6,50,-0.08,0.07,0.15,3995.53444062608,378.49995350385,12.4461447495889,107.287322422753,26730744.1764348
"Tropeognathus_mesembrinus","Ornithocheiromorpha","Ornithocheiridae",764.6,64.667,40.8,60.3,41.2,89.3,-0.08,0.07,0.15,9321.01164846163,680.594868803431,15.6799814775601,171.876261149599,182171034.196058
"Siroccopteryx_moroccensis","Ornithocheiromorpha","Ornithocheiridae",402.8,11.757,21.7,31.3,22.3,47.3,-0.08,0.07,0.15,3035.41839565234,379.967948290744,13.3628892999058,103.943366477232,16623778.6445417
"Ferrodraco_lentoni","Ornithocheiromorpha","Ornithocheiridae",348.5,7.996,19.6,27.3,19.6,39.2,-0.08,0.07,0.15,2424.47388565229,323.537244365476,12.523567558176,91.4240067444326,9557312.84196813
"Haliskia_peterseni","Ornithocheiromorpha","Ornithocheiridae",369,9.312,19.6,26.1,21,46.3,-0.08,0.07,0.15,3061.71578923846,298.364467143182,11.1180306544609,89.4814817848902,14177801.3814729
"Coloborhynchus_clavirostris","Ornithocheiromorpha","Ornithocheiridae",234.8,2.798,12.1,18.3,13.5,26.3,-0.08,0.07,0.15,1113.76089812475,246.447689501535,12.3749720637581,70.057177670726,2059344.25772537
"Uktenadactylus_wadleighi","Ornithocheiromorpha","Ornithocheiridae",541.2,25.792,29.1,42,29.9,63.4,-0.08,0.07,0.15,5469.88785074372,462.568021327161,13.3868119416825,126.42618244277,53862921.1031235
"Nicorhynchus_capito","Ornithocheiromorpha","Ornithocheiridae",451,15.88,24.3,35,24.9,52.8,-0.08,0.07,0.15,3797.90550818066,410.180821151145,13.3890245269317,112.098778845476,25966591.5144125
"Caulkicephalus_trimicrodon","Ornithocheiromorpha","Ornithocheiridae",513.2,22.393,22.8,34.6,25.8,49.4,-0.08,0.07,0.15,3977.56936463341,552.285352841977,16.5537176008666,135.742472182102,26363323.8410985
"Ludodactylus_sibbicki","Ornithocheiromorpha","Ornithocheiridae",446.6,15.471,22.9,34.7,25.9,49.5,-0.08,0.07,0.15,3990.60729163534,380.319332143066,12.4950631209733,107.59180031624,26623645.1437397
"Guidraco_venator","Ornithocheiromorpha","Ornithocheiridae",254,3.448,13.1,19.7,14.6,28.5,-0.08,0.07,0.15,1303.00075380251,259.592175225454,12.3783504751868,73.78366267095,2847882.51298904
"Liaoningopterus_gui","Ornithocheiromorpha","Ornithocheiridae",409,12.244,21,31.9,23.8,45.5,-0.08,0.07,0.15,3370.23638801666,356.395297454744,12.4086993270554,101.173979912517,18966949.9565248
"Brasileodactylus_araripensis","Ornithocheiromorpha","Ornithocheiridae",269.9,4.054,14.3,24.6,17.5,31.1,-0.08,0.07,0.15,1505.94711869154,264.084571804583,12.0930557746432,75.940770971037,3689981.32845409
"Maaradactylus_kellneri","Ornithocheiromorpha","Ornithocheiridae",501.2,21.027,25.9,39.3,29.3,56.1,-0.08,0.07,0.15,5124.19517561818,402.550767350729,12.2556533948619,114.987974449642,43813946.0020204
"Anhanguera_piscator","Ornithocheiromorpha","Ornithocheiridae",455.8,16.334,22.1,34.8,26.9,55.7,-0.08,0.07,0.15,3883.90282860143,412.565780019013,13.3727367269646,112.819210326881,30082610.3046198
"Anhanguera_spielbergi","Ornithocheiromorpha","Ornithocheiridae",505.4,21.499,16.9,28.3,22,44.2,-0.08,0.07,0.15,2590.86491214106,814.033912041021,24.6470936021242,163.968204274703,13242821.2518452
"Tendaguripterus_recki","Dsungaripteroidea","Germanodactyloidea",100.9,0.296,9.7,13.3,14.8,18.4,0.1,0.25,0.15,615.831193259337,47.1518823954274,4.13295482245599,23.1936290156399,564250.606588612
"Noripterus_complicidens","Dsungaripteroidea","Dsungaripteridae",196.2,1.735,8.4,11.9,16.1,18.2,0.1,0.25,0.15,832.556362007296,204.434807980614,11.5591093157915,60.1302012249363,870198.826478148
"Noripterus_parvus","Dsungaripteroidea","Dsungaripteridae",184.4,1.47,11,14.7,13.9,20.1,0.1,0.25,0.15,1126.79859342901,127.979392981985,7.54424086928498,46.5942443604393,1265286.90154275
"Dsungaripterus_weii","Dsungaripteroidea","Dsungaripteridae",321.2,6.438,16.8,22.4,32.4,38.8,0.1,0.25,0.15,2665.03186696258,236.983207529079,9.67806813859843,76.1768895434859,8961760.52160781
"Domeykodactylus_ceciliae","Dsungaripteroidea","Dsungaripteridae",239.2,2.939,12.1,16.5,23.3,27.4,0.1,0.25,0.15,1497.07615813198,192.585993994958,9.554731015053,62.3039335717154,2818269.03114887
"Chaoyangopterus_zhangi","Azhdarchoidea","Chaoyangopteridae",182,1.421,10.5,14.6,22.5,22.5,0.06,0.21,0.15,2322.55846964661,60.0200605589966,3.56546459786651,31.7861819448158,3091888.6783585
"Shenzhoupterus_chaoyangensis","Azhdarchoidea","Chaoyangopteridae",125.6,0.53,6.6,10.5,14.7,14.7,0.06,0.21,0.15,1211.00919290376,42.933612977232,3.25665570757846,23.7909351552857,740567.41767232
"Jidapterus_edentus","Azhdarchoidea","Chaoyangopteridae",169.1,1.169,8,12.9,14.9,17.9,0.06,0.21,0.15,711.767683866971,161.118441591728,10.0435895897405,50.8394418126533,517740.216298273
"Lacusovagus_magnificens","Azhdarchoidea","Chaoyangopteridae",439.8,14.854,29.4,43.9,55.6,57.9,0.06,0.21,0.15,11676.3199538938,124.797659344207,4.14137418218609,61.3245265695991,103441589.50691
"Apatorhamphus_gyrostega","Azhdarchoidea","Chaoyangopteridae",331.8,7.019,19.4,29,36.8,38.3,0.06,0.21,0.15,5103.03432847611,134.932249261514,5.39342050795472,58.1010015462218,19772883.8448765
"Xericeps_curvirostris","Azhdarchoidea","Azhdarchidae",385.2,10.439,21.7,35.1,45.4,50.4,0.06,0.21,0.15,4633.69749733553,221.004047111159,8.00543410987236,78.1102059793647,23753961.0914029
"Leptostomia_begaaensis","Azhdarchoidea","Azhdarchidae",98.4,0.277,5.3,8.7,12,13.2,0.06,0.21,0.15,308.650097365276,88.0404711741948,7.84266721657716,31.437678227642,104556.327994475
"Alanqa_saharica","Azhdarchoidea","Azhdarchidae",609.6,35.397,32.5,53.7,73.9,81.4,0.06,0.21,0.15,11722.0642258529,296.231587977615,7.92548464246622,105.224883180979,150141665.943126
"Argentinadraco_barrealensis","Azhdarchoidea","Azhdarchidae",235,2.804,13.5,21.9,28.3,31.4,0.06,0.21,0.15,1791.77089000543,153.519850966642,7.70536572338117,55.3054476342054,3564133.66410025
"Aralazhdarcho_bostobensis","Azhdarchoidea","Azhdarchidae",301.8,5.455,17.3,27.7,36,39.7,0.06,0.21,0.15,2880.0103565706,185.810269320426,7.90650281796713,66.0811356126949,9203638.88945624
"Eurazhdarcho_langendorfensis","Azhdarchoidea","Azhdarchidae",214.4,2.197,14.6,23.4,25.6,24.8,0.06,0.21,0.15,1719.91298128406,125.311979353218,6.68164036497962,48.4787085309789,2829120.12967239
"Phosphatodraco_mauritanicus","Azhdarchoidea","Azhdarchidae",317.4,6.238,28.9,46.3,60.2,66.4,0.06,0.21,0.15,8051.23953496264,76.0066567815561,3.12817546796748,42.9740294596516,71956460.3779413
"Wellnhopterus_brevirostris","Azhdarchoidea","Azhdarchidae",308.9,5.801,17.8,27.4,34.9,43.5,0.06,0.21,0.15,2779.07979122168,204.772134214194,8.5837055040127,69.8929630084979,8886996.65008528
"Zhejiangopterus_linhaiensis","Azhdarchoidea","Azhdarchidae",272,4.137,13.7,23.4,33.6,32.2,0.06,0.21,0.15,2177.70917695887,186.360834722085,8.4933287675397,63.9463380571318,5418494.43201901
"Mistralazhdarcho_maggii","Azhdarchoidea","Azhdarchidae",460,16.737,27.6,44.6,40,65,0.06,0.21,0.15,6927.25473335181,237.020257403693,7.6365027758123,85.770552660497,50077100.4208786
"Aerotitan_sudamericanus","Azhdarchoidea","Azhdarchidae",511.6,22.208,28.9,46.2,60.1,66.3,0.06,0.21,0.15,8038.50070933153,271.021286030485,8.14003038203891,94.9927343178232,71624527.4385258
"Azhdarcho_lancicollis","Azhdarchoidea","Azhdarchidae",302.2,5.474,17,27.4,36.8,39.9,0.06,0.21,0.15,2844.07074328106,188.813657771569,8.02765193303906,66.6406368443432,9109352.2863482
"Cryodrakon_boreas","Azhdarchoidea","Azhdarchidae",971.6,122.311,44.7,92.2,102.5,132.2,0.06,0.21,0.15,29997.7717672777,399.986678780205,7.86730567293124,142.604265327689,963077097.000892
"Albadraco_tharmisensis","Azhdarchoidea","Azhdarchidae",602.4,34.296,34.5,55.3,71.9,79.3,0.06,0.21,0.15,11507.300567785,292.374182822584,7.88381597105206,104.12878042883,146761530.637748
"Nipponopterus_mifunensis","Azhdarchoidea","Azhdarchidae",337,7.315,18.1,29.8,40.6,44.8,0.06,0.21,0.15,3535.44494137371,202.973462152453,8.03074308066245,71.6244654128338,13781211.690139
"Arambourgiania_philadelphiae","Azhdarchoidea","Azhdarchidae",940,112.013,52,84,112.8,122.5,0.06,0.21,0.15,26818.0682512924,409.741492080454,8.23698403367866,142.766342154906,808125430.883207
"Tupuxuara_leonardii","Azhdarchoidea","Thalassodromeidae",338.8,7.42,23.4,29.1,35.9,42.3,0.06,0.21,0.15,1210.73703334085,601.205695337046,23.7015629403988,123.490796954744,4500699.99352782
"Thalassodromeus_oberlii","Azhdarchoidea","Thalassodromeidae",365.8,9.099,21.1,31.2,39.5,41.9,0.06,0.21,0.15,5923.62824044704,150.686684539919,5.64728383384765,63.4096081603792,27100516.3280339
"Caupedactylus_ybaka","Azhdarchoidea","Tapejaridae",297,5.227,17.5,24.8,28.3,37.5,0.06,0.21,0.15,2410.05287003768,212.76242790142,9.15011047025506,70.336664414635,7218524.99406519
"Aymberedactylus_cearensis","Azhdarchoidea","Tapejaridae",243,3.065,14.2,20.2,22.7,30.5,0.06,0.21,0.15,1592.82958534215,188.768781523739,9.26794061075212,62.0066903851015,3148869.41808077
"Sinopterus_dongi","Azhdarchoidea","Tapejaridae",195.6,1.722,5.9,8.8,9.5,12.1,0.06,0.21,0.15,238.117280928716,709.43276078552,40.1686091941533,111.935499699584,83477.8573351499
"Eopteranodon_lii","Azhdarchoidea","Tapejaridae",122.7,0.498,6.5,10,13.3,13.2,0.06,0.21,0.15,561.13653059996,87.0622341193259,6.70749861174742,33.6162691090303,279467.831298489
"Wightia_declivirostris","Azhdarchoidea","Tapejaridae",113.1,0.401,5.9,9.2,11.9,14.8,0.06,0.21,0.15,391.745456650403,100.417501548986,8.1632152861286,35.1462332206901,166356.455487727
"Europejara_olcadesorum","Azhdarchoidea","Tapejaridae",206.1,1.979,11,17.4,20.5,24.8,0.06,0.21,0.15,1211.23450892487,160.282669102885,8.76733813456655,54.131827304375,1687655.15449804
"Tupandactylus_imperator","Azhdarchoidea","Tapejaridae",350.9,8.148,15.6,22.3,23.5,35.6,0.06,0.21,0.15,1714.61407950492,466.180004908625,17.9531375998547,110.022994847483,4077294.59941431
"Tupandactylus_navigans","Azhdarchoidea","Tapejaridae",220.6,2.369,12.6,18.6,18.4,31.8,0.06,0.21,0.15,1242.14180514786,187.095305090658,9.79444532788411,59.782347738709,2044379.00608305
"Tapejara_wellnhoferi","Azhdarchoidea","Tapejaridae",143.6,0.756,9.6,10.4,10,16.2,0.06,0.21,0.15,486.179595282332,152.543629390559,10.6035712934564,46.845512518274,347499.564729196
"Torukjara_bandeirae","Azhdarchoidea","Tapejaridae",140,0.707,8.2,11.7,13.2,17.7,0.06,0.21,0.15,539.051802353086,128.664257678468,9.09003546340141,42.6751572346928,358633.126278796
"Caiuajara_dobruskii","Azhdarchoidea","Tapejaridae",174.2,1.265,9.9,14.1,15.7,21.3,0.06,0.21,0.15,549.958582209155,225.646992363517,13.7945115239875,60.7542111230489,556266.828206213
