"species","aspect_ratio","second_moment","wing_loading","von_mises_stress","wing_curvature","Order","clade","family","Environment","Diet.1","Diet.2","Wingspan_cm","PC1","PC2","biomechanically_viable"
"Preondactylus buffarinii",6.2,440054614.405545,43.7946428571429,0.00659802440415873,1.42735832694677,"Non Pterodactyliform","Basal pterosaur","Basal forms","Coastal environment","Insectivore","Piscivore",42.8,-1.76797927429162,-0.859078523505658,TRUE
"Austriadactylus cristatus",8.7,1731668050.0822,136.890687022901,0.0789950157426252,2.06852814773889,"Non Pterodactyliform","Basal pterosaur","Basal forms","Coastal environment","Insectivore","Piscivore",118.8,-0.153715347982003,-0.977441598768678,TRUE
"Dimorphodon macronyx ",6.5,845626437315456,96.8143060161061,7.8503705110313e-06,1.52155670226361,"Non Pterodactyliform","Basal pterosaur","Dimorphodontidae","Terrestrial environment","Carnivore","Piscivore",133.7,-1.87159009113282,0.339386225613975,TRUE
"Peteinosaurus zambelli",6.6,670826922.792529,51.6882546652031,0.00972249945147728,1.27574685186116,"Non Pterodactyliform","Basal pterosaur","Dimorphodontidae","Coastal to terrestrial environment","Insectivore","Piscivore",50.9,-1.79854251781032,-0.852341018387419,TRUE
"Caelestiventus hanseni",6.6,1487414973.5061,131.469196333404,0.695900145217684,1.71657469060652,"Non Pterodactyliform","Basal pterosaur","Dimorphodontidae","Terrestrial environment","Carnivore","Piscivore",202.5,-1.03054647089646,-0.637636517623341,TRUE
"Rhamphinion jenkinsi",6.7,1153130990201436,94.707492795389,4.85605964805196e-06,1.61713026053183,"Non Pterodactyliform","Basal pterosaur","Dimorphodontidae","Terrestrial environment","Carnivore","Insectivore",126.2,-1.87811979926626,0.70478910992509,TRUE
"Anurognathus ammoni",6.7,27014037987.6921,40.875,0.000218980324884979,1.2077762944879,"Non Pterodactyliform","Anurognathidae","Anurognathidae","Coastal to terrestrial environment","Insectivore","Piscivore",40.6,-1.87417700182854,-0.877660532415833,TRUE
"Vesperopterylus lamadongensis",7.5,27014037987.6921,83.8461538461538,0.00386410241723428,1.2077762944879,"Non Pterodactyliform","Anurognathidae","Anurognathidae","Terrestrial environment","Insectivore","Piscivore",88.7,-1.54084744260519,-0.851383748612571,TRUE
"Batrachognathus volans",8.5,27014037987.6921,53.1576354679803,0.000304634906303138,1.2077762944879,"Non Pterodactyliform","Anurognathidae","Anurognathidae","Terrestrial environment","Insectivore","Carnivore",44.5,-1.35581462275524,-1.02254516912913,TRUE
"Cascocauda rong",7.1,27014037987.6921,40.4536082474227,0.000195165488491653,1.2077762944879,"Non Pterodactyliform","Anurognathidae","Anurognathidae","Terrestrial environment","Insectivore","Carnivore",39.2,-1.76760054846897,-0.917435559469092,TRUE
"Dendrorhynchoides curvidentatus",7.5,27014037987.6921,56.0199203187251,0.000436197356134564,1.2077762944879,"Non Pterodactyliform","Anurognathidae","Anurognathidae","Terrestrial environment","Insectivore","Carnivore",48.9,-1.61730426014848,-0.918750247341003,TRUE
"Jeholopterus ningchengensis",9.5,27014037987.6921,90.4719710669078,0.00250105569244341,1.2077762944879,"Non Pterodactyliform","Anurognathidae","Anurognathidae","Terrestrial environment","Insectivore","Piscivore",78.8,-0.984254707294107,-1.02945106827995,TRUE
"Luopterus mutoudengensis",9,27014037987.6921,54.3562005277045,0.000162492694659345,1.2077762944879,"Non Pterodactyliform","Anurognathidae","Anurognathidae","Terrestrial environment","Insectivore","Carnivore",37.3,-1.21789331932768,-1.06813381889123,TRUE
"Sinomacrops bondei",7.4,1482167098.75805,37.5088235294118,0.000758914263670237,1.73711531418016,"Non Pterodactyliform","Anurognathidae","Anurognathidae","Terrestrial environment","Insectivore","Carnivore",31.5,-1.1352797364059,-1.04457671590405,TRUE
"Dimorphodon weintraubi",6.4,845626437315456,95.5213714285714,1.20223192753314e-05,1.52155670226361,"Non Pterodactyliform","Anurognathidae","Anurognathidae","Terrestrial environment","Insectivore","Piscivore",150.2,-1.90205531642968,0.345969324406788,TRUE
"Campylognathoides liasicus",9.3,2150199808.15639,149.710843373494,0.0246747075698457,2.17152664144595,"Non Pterodactyliform","Non-breviquartossan","Novialoidea","Coastal environment","Piscivore","Durophageous",91.5,0.145123263018618,-1.03030511228385,TRUE
"Campylognathoides zitteli",9.3,3832883605.84703,221.370394736842,0.126901899649372,2.16542934838049,"Non Pterodactyliform","Non-breviquartossan","Novialoidea","Coastal environment","Piscivore","Durophageous",161.2,0.347014571160018,-0.842321630989838,TRUE
"Eudimorphodon ranzii",8.9,2392397918.96014,63.3792134831461,0.00103469324604523,2.00838314617286,"Non Pterodactyliform","Non-breviquartossan","Eudimorphodontoidea","Coastal to terrestrial environment","Carnivore","Durophageous",38.7,-0.373845404752872,-1.17436510537874,TRUE
"Carniadactylus rosenfeldi",9.3,3120189633.09914,68.2654639175258,0.00101040566209696,2.15224468969378,"Non Pterodactyliform","Non-breviquartossan","Novialoidea","Coastal to terrestrial environment","Carnivore","Durophageous",41,-0.100710745018731,-1.2261268517805,TRUE
"Carniadactylus rosenfeldi",9.3,3120189633.09914,68.2654639175258,0.00101040566209696,2.15224468969378,"Non Pterodactyliform","Non-breviquartossan","Novialoidea","Coastal to terrestrial environment","Carnivore","Durophageous",58,-0.100710745018731,-1.2261268517805,TRUE
"Carniadactylus rosenfeldi",9.3,3120189633.09914,68.2654639175258,0.00101040566209696,2.15224468969378,"Non Pterodactyliform","Non-breviquartossan","Eudimorphodontoidea","Coastal to terrestrial environment","Carnivore","Durophageous",41,-0.100710745018731,-1.2261268517805,TRUE
"Carniadactylus rosenfeldi",9.3,3120189633.09914,68.2654639175258,0.00101040566209696,2.15224468969378,"Non Pterodactyliform","Non-breviquartossan","Eudimorphodontoidea","Coastal to terrestrial environment","Carnivore","Durophageous",58,-0.100710745018731,-1.2261268517805,TRUE
"Austriadraco dallavecchiai",8.1,4020345166.54909,92.5471698113208,0.00640243374642791,1.90779386885781,"Non Pterodactyliform","Non-breviquartossan","Eudimorphodontoidea","Coastal to terrestrial environment","Carnivore","Durophageous",70.8,-0.615265480408219,-1.00867429550468,TRUE
"Seazzadactylus venieri",9.2,2330721920.69664,104.66537342386,0.0083737159113728,2.16727656405897,"Non Pterodactyliform","Non-breviquartossan","Eudimorphodontoidea","Coastal to terrestrial environment","Insectivore","Piscivore",69.6,-0.0113880484104271,-1.13048589877775,TRUE
"Arcticodactylus cromptonellus",7,1778482995.25491,39.6936416184971,0.000271625964823507,1.75245581167494,"Non Pterodactyliform","Non-breviquartossan","Eudimorphodontoidea","Terrestrial environment","Insectivore","Piscivore",24.8,-1.22088606187521,-1.00327540634533,TRUE
"Dorygnathus banthensis",7.9,2708191486.21279,115.264121235977,0.090820233790685,1.74955397571012,"Non Pterodactyliform","Rhamphorhynchidae","Rhamphorhynchinae","Coastal environment","Piscivore","Insectivore",131.3,-0.763966247862666,-0.895332535635608,TRUE
"Bellubrunnus rothgaengeri",9,1473963520.2071,25.1538461538462,2.15961362910778e-05,2.19622476498786,"Non Pterodactyliform","Rhamphorhynchidae","Rhamphorhynchinae","Coastal environment","Piscivore","Insectivore",13.6,-0.252949385485244,-1.30837381162743,TRUE
"Qinglongopterus guoi",9.3,1315938046.39497,57.9330708661417,0.00083334154323395,2.18286093026652,"Non Pterodactyliform","Rhamphorhynchidae","Rhamphorhynchinae","Terrestrial environment","Piscivore","Insectivore",33,-0.0966054390484233,-1.25625166352881,TRUE
"Orientognathus chaoyangensis",8,3337646804.37197,134.57209664848,0.0362132618326716,1.81754895022853,"Non Pterodactyliform","Rhamphorhynchidae","Rhamphorhynchinae","Terrestrial environment","Piscivore","Carnivore",107.7,-0.619095196532822,-0.878176322590039,TRUE
"Dearc sgiathanach",9.2,3001095900.20116,176.405341246291,0.190269767711867,2.14542818299921,"Non Pterodactyliform","Rhamphorhynchidae","Rhamphorhynchinae","Coastal environment","Piscivore","Insectivore",171.4,0.183834546325186,-0.928131357701016,TRUE
"Rhamphorhynchus etchesi",8.3,2613678000.73366,99.5751879699248,0.0011298409743604,2.21618471020794,"Non Pterodactyliform","Rhamphorhynchidae","Rhamphorhynchinae","Coastal environment","Piscivore","Insectivore",40.8,-0.216885498644132,-1.06496567660853,TRUE
"Angustinaripterus longicephalus",8.6,5262291374.08833,176.290816326531,0.13562258337758,2.0125381300216,"Non Pterodactyliform","Rhamphorhynchidae","Rhamphorhynchinae","Terrestrial environment","Piscivore","Carnivore",174.4,-0.125228752865293,-0.855276801073893,TRUE
"Klobiodon rochei",8.4,4075815471.69418,161.975797776981,0.108338920755134,1.97694855323998,"Non Pterodactyliform","Rhamphorhynchidae","Rhamphorhynchinae","Coastal to terrestrial environment","Piscivore","Insectivore",154.6,-0.259169007936402,-0.86810820673576,TRUE
"Parapsicephalus purdoni",8.3,3335873412.58794,173.227034120735,0.184248416521346,1.96995767952848,"Non Pterodactyliform","Rhamphorhynchidae","Rhamphorhynchinae","Coastal to terrestrial environment","Piscivore","Insectivore",171.4,-0.253446973810383,-0.819248892990182,TRUE
"Nesodactylus hesperius",9.2,2710337358.24314,228.561618062088,0.110052424175315,2.06740446726533,"Non Pterodactyliform","Rhamphorhynchidae","Rhamphorhynchinae","Coastal to terrestrial environment","Piscivore","Insectivore",142.6,0.234060991121251,-0.800917483538578,TRUE
"Cacibupteryx caribensis",8.8,3228617318.16554,217.952701236711,0.391786296802906,2.0491732328937,"Non Pterodactyliform","Rhamphorhynchidae","Rhamphorhynchinae","Coastal to terrestrial environment","Piscivore","Insectivore",208.8,0.112582406647367,-0.743956261602704,TRUE
"Rhamphorhynchus muensteri",10,1743547602.76679,280.285714285714,0.47359540131998,2.15995247587949,"Non Pterodactyliform","Rhamphorhynchidae","Rhamphorhynchinae","Coastal to terrestrial environment","Piscivore","Insectivore",196.4,0.733214596151599,-0.717709043660739,TRUE
"Sordes pilosus",7.1,4285214988.92221,91.1795386158475,0.022787470153128,1.66455771746562,"Non Pterodactyliform","Rhamphorhynchidae","Scaphognathinae","Terrestrial environment","Insectivore","Durophageous",98.59,-1.14341240831393,-0.870869640959662,TRUE
"Jianchangnathus robustus",8.1,3577318340.31194,96.9067453004054,0.0234206882497544,1.85863143880375,"Non Pterodactyliform","Rhamphorhynchidae","Scaphognathinae","Terrestrial environment","Insectivore","Durophageous",97.2,-0.653230229351136,-0.987292073149663,TRUE
"Fenghuanopterus lii",7.49,4258888580.20201,98.6873681914043,0.0395218954085713,1.72341618118729,"Non Pterodactyliform","Rhamphorhynchidae","Scaphognathinae","Terrestrial environment","Insectivore","Durophageous",114.6,-0.953598539587172,-0.898330456573632,TRUE
"Scaphognathus crassirostris",8.2,4116278191.83706,97.199311400153,0.019619975168901,1.90612710750334,"Non Pterodactyliform","Rhamphorhynchidae","Scaphognathinae","Coastal to terrestrial environment","Carnivore","Durophageous",96,-0.57576312949896,-1.00499407972533,TRUE
"Harpactognathus gentryii",8.5,2177254814.4967,220.254456388624,1.04064335299831,1.98001902958446,"Non Pterodactyliform","Rhamphorhynchidae","Scaphognathinae","Terrestrial environment","Carnivore","Durophageous",251,0.0444648621562146,-0.604045709745316,TRUE
"Sericipterus wucaiwanensis",8.2,4266300321.48791,132.904318374259,0.0904726074694161,1.94286731517305,"Non Pterodactyliform","Rhamphorhynchidae","Scaphognathinae","Terrestrial environment","Carnivore","Durophageous",148.2,-0.430685058075738,-0.91530462638429,TRUE
"Cuspicephalus scarfi",6.6,5896591689.52023,97.4733853797019,0.0666114908904143,1.57016991558507,"Non Pterodactyliform","Darwinoptera","Darwinoptera","Coastal to terrestrial environment","Insectivore","Piscivore",138,-1.35527378948127,-0.784749873283854,TRUE
"Kunpengopterus sinensis",6.3,4868184971.32057,66.1892484914975,0.00708664383580154,1.54443261169655,"Non Pterodactyliform","Darwinoptera","Darwinoptera","Terrestrial environment","Insectivore","Carnivore",72.6,-1.55605205494882,-0.835008463375196,TRUE
"Kunpengopterus antipollicatus",6.1,3175859802.18304,34.7094972067039,0.000810736621985987,1.38906922217602,"Non Pterodactyliform","Darwinoptera","Darwinoptera","Terrestrial environment","Insectivore","Carnivore",36.1,-1.86091788158879,-0.865466687287844,TRUE
"Ceoptera evansae",8.9,1501982635.07618,162.43572009764,0.0759226162554597,2.0300779377769,"Non Pterodactyliform","Darwinoptera","Darwinoptera","Coastal to terrestrial environment","Insectivore","Piscivore",113.7,-0.0710629208355595,-0.92925981959016,TRUE
"Pterorhynchus wellnhoferi",7.7,3289586010.49484,70.1751356684756,0.0110263900124438,1.80592475730419,"Non Pterodactyliform","Darwinoptera","Darwinoptera","Terrestrial environment","Insectivore","Carnivore",77.1,-0.891233570613828,-1.00549516575639,TRUE
"Wukongopterus lii",7.1,5419751053.81937,68.7785977859779,0.0045249395706207,1.64680894373271,"Non Pterodactyliform","Darwinoptera","Darwinoptera","Terrestrial environment","Insectivore","Piscivore",65.9,-1.22562170768164,-0.924279496784954,TRUE
"Zhenyuanopterus longirostris",10.1,5967883605.58579,348.312913644306,1.09754683624013,2.46453460259261,"Pterodactyloidea","Ornithocheiromorpha","Ornithocheiridae","Terrestrial environment","Carnivore","Piscivore",326.2,1.34439567643264,-0.526462329034032,TRUE
"Boreopterus cuiae",8.6,4705855621.96148,160.483165303405,0.0800335042799457,2.35704479384016,"Pterodactyloidea","Ornithocheiromorpha","Ornithocheiridae","Terrestrial environment","Carnivore","Piscivore",150.7,0.188894654653218,-0.960522898382131,TRUE
"Anhanguera santanae",10.8,6478532293.14356,425.081978506476,0.902712514294447,2.67625939744649,"Pterodactyloidea","Ornithocheiromorpha","Ornithocheiridae","Fluvial environment","Piscivore","Carnivore",318.4,1.94261752344045,-0.474261364946951,TRUE
"Anhanguera spielbergi",10.7,5451207866.25897,530.08568125267,5.36763144394674,2.79971390465944,"Pterodactyloidea","Ornithocheiromorpha","Ornithocheiridae","Fluvial environment","Piscivore","Carnivore",505.4,2.8800409108545,0.409364584873277,FALSE
"Anhanguera piscator",11.4,5129891053.91169,562.450559865211,3.65316518109559,2.98945921625568,"Pterodactyloidea","Ornithocheiromorpha","Ornithocheiridae","Fluvial environment","Piscivore","Carnivore",455.8,3.14754382454497,0.139846966609281,TRUE
"Anhanghuera blittersordorfii",10.8,4810728765.63843,467.881642044079,5.6696117076065,2.58320490340699,"Pterodactyloidea","Ornithocheiromorpha","Ornithocheiridae","Fluvial environment","Piscivore","Carnivore",489,2.54514906455874,0.330897677092785,FALSE
"Anhanghuera robustus",11.7,4810728765.63843,660.952972659005,11.2858540839128,2.58320490340699,"Pterodactyloidea","Ornithocheiromorpha","Ornithocheiridae","Fluvial environment","Piscivore","Carnivore",590.2,4.0030974920082,1.51626628696035,FALSE
"Tropeognathus mesembrinus",12.7,5683518414.20298,840.643578394996,22.94998762266,3.05379958598803,"Pterodactyloidea","Ornithocheiromorpha","Ornithocheiridae","Fluvial environment","Piscivore","Carnivore",764.6,6.6896623647155,3.44957607888885,FALSE
"Barbsonia gracilirostris",10.5,6404701383.02337,369.932428715504,1.37930068454831,2.51950038529922,"Pterodactyloidea","Ornithocheiromorpha","Ornithocheiridae","Fluvial environment","Piscivore","Carnivore",352.2,1.60381341784383,-0.482152981515503,TRUE
"Brasileodactylus araripensis",11.2,5211957059.01599,341.488408037094,0.598391984420138,2.63871154734129,"Pterodactyloidea","Ornithocheiromorpha","Ornithocheiridae","Fluvial environment","Piscivore","Carnivore",269.9,1.74495956481644,-0.751272536180742,TRUE
"Maaradactylus kellneri",11.6,5998675831.86204,598.852866889244,4.74357994467481,2.78547137078363,"Pterodactyloidea","Ornithocheiromorpha","Ornithocheiridae","Fluvial environment","Piscivore","Carnivore",501.2,3.2188472915847,0.400025311151904,FALSE
"Ornithocheirus simus",10.8,7043976290.28952,423.850080109865,1.69382364741014,2.96586989258821,"Pterodactyloidea","Ornithocheiromorpha","Ornithocheiridae","Coastal to marine environment","Piscivore","Carnivore",397.2,2.34226523933789,-0.413134358011563,TRUE
"Mythunga camara",11.7,4125523665.53012,623.86130264398,8.69148337356817,2.78774601111264,"Pterodactyloidea","Ornithocheiromorpha","Ornithocheiridae","Coastal to marine environment","Piscivore","Carnivore",540,3.80012983162042,1.01842968041646,FALSE
"Haliskia peterseni",11.2,5146107211.80691,474.573847992103,1.88205014864593,2.68786932579184,"Pterodactyloidea","Ornithocheiromorpha","Ornithocheiridae","Coastal to marine environment","Piscivore","Carnivore",369,2.31782605543871,-0.255081279422756,TRUE
"Thapunngaka shawi",11.7,6388481796.12363,525.577976908496,2.24862609777081,2.82446862932255,"Pterodactyloidea","Ornithocheiromorpha","Ornithocheiridae","Coastal to marine environment","Piscivore","Carnivore",411.4,2.78114481503025,-0.151670835471225,TRUE
"Caulkicephalus trimicrodon",11.4,4558582192.36891,587.854451550751,6.62795855422214,2.74528027771939,"Pterodactyloidea","Ornithocheiromorpha","Ornithocheiridae","Fluvial environment","Piscivore","Carnivore",513.2,3.32327989659415,0.67118097390006,FALSE
"Ludodactylus sibbicki",11.6,6223852810.01772,538.460618746896,3.16881988020834,2.79938432326165,"Pterodactyloidea","Ornithocheiromorpha","Ornithocheiridae","Fluvial environment","Piscivore","Carnivore",446.6,2.87562309323694,0.0257749286353153,TRUE
"Hamipterus tianshanensis",12,5928480049.08939,424.514398280802,0.848719957427215,2.91169908998572,"Pterodactyloidea","Ornithocheiromorpha","Ornithocheiridae","Terrestrial environment","Piscivore","Carnivore",313.6,2.5064946091088,-0.640170099383052,TRUE
"Iberodactylus andreui",11.5,5215302955.82325,537.786565200384,3.69075997105129,2.71769014927632,"Pterodactyloidea","Ornithocheiromorpha","Ornithocheiridae","Coastal to terrestrial environment","Piscivore","Carnivore",446,2.82443819801231,0.123038844433781,TRUE
"Ikrandraco avatar",11,6820724659.39588,226.830869308102,0.0489684969318331,2.66665934017927,"Pterodactyloidea","Ornithocheiromorpha","Ornithocheiridae","Terrestrial environment","Piscivore","Carnivore",145.4,1.34002114609281,-1.09134825427345,TRUE
"Guidraco venator",13.8,5626753492.10649,392.445527323355,0.420519750603607,2.7792349560054,"Pterodactyloidea","Ornithocheiromorpha","Ornithocheiridae","Terrestrial environment","Piscivore","Carnivore",254,2.71119140713754,-0.930520444966086,TRUE
"Aetodactylus halli",11.5,6020396620.30045,336.327664475913,0.659708878034428,2.91458907611999,"Pterodactyloidea","Ornithocheiromorpha","Ornithocheiridae","Terrestrial environment","Piscivore","Carnivore",293.4,2.11075651735233,-0.831364116566591,TRUE
"Uktenadactylus wadleighi",11.7,6307383458.86209,514.068794571202,6.17536131679742,2.80768307979532,"Pterodactyloidea","Ornithocheiromorpha","Ornithocheiridae","Coastal to marine environment","Piscivore","Carnivore",541.2,3.21296826888839,0.388895796267345,FALSE
"Linlongopterus jennyae",10.8,5727184589.74754,275.789481394667,0.183426452701497,2.781640107628,"Pterodactyloidea","Ornithocheiromorpha","Ornithocheiridae","Terrestrial environment","Piscivore","Carnivore",203.8,1.55793894882322,-0.954728897414021,TRUE
"Cimoliopterus cuvieri",11.5,5903781608.30294,433.183833206345,0.964280551845292,2.77268799101887,"Pterodactyloidea","Ornithocheiromorpha","Ornithocheiridae","Coastal to marine environment","Piscivore","Carnivore",320,2.26274822100778,-0.530340477494214,TRUE
"Siroccopteryx moroccensis",11.7,5329344963.68527,520.493569204386,2.34429226294624,2.8162613284918,"Pterodactyloidea","Ornithocheiromorpha","Ornithocheiridae","Fluvial environment","Piscivore","Carnivore",402.8,2.77029599333393,-0.148706438904127,TRUE
"Nicorhynchus capito",11.8,5900141809.65868,556.327405185344,3.13582310986704,2.91585225563788,"Pterodactyloidea","Ornithocheiromorpha","Ornithocheiridae","Fluvial environment","Piscivore","Carnivore",451,3.09737012602328,0.0245509106892447,TRUE
"Boreopterus giganticus",9.6,4705855621.96148,290.610384782205,0.84793645803311,2.35704479384016,"Pterodactyloidea","Ornithocheiromorpha","Ornithocheiridae","Terrestrial environment","Carnivore","Piscivore",287.2,0.907868527245527,-0.634137505999945,TRUE
"Coloborhynchus clavirostris",11.4,7391356748.07329,348.772299872935,0.238697627711106,2.93789953645878,"Pterodactyloidea","Ornithocheiromorpha","Ornithocheiridae","Fluvial environment","Piscivore","Carnivore",234.8,2.09089420588806,-0.856388160492122,TRUE
"Istiodactylus latidens",10,5553448081.58151,352.523377618804,0.951260090971648,2.45501853312119,"Pterodactyloidea","Ornithocheiromorpha","Istiodactyloidae","Fluvial environment","Carnivore","Piscivore",305.3,1.30099073676124,-0.526078886451796,TRUE
"Istiodactylus sinensis",10.6,6549184753.86957,319.83265272106,0.479691114801743,2.5557101229149,"Pterodactyloidea","Ornithocheiromorpha","Istiodactyloidae","Terrestrial environment","Carnivore","Piscivore",266.3,1.42191761414265,-0.747990236714926,TRUE
"Nurhachius ignaciobritoi",8.7,926957532464043,210.754605169213,5.44834493107586e-05,2.09344304838902,"Pterodactyloidea","Ornithocheiromorpha","Istiodactyloidae","Terrestrial environment","Carnivore","Piscivore",241.3,-0.404426384546187,0.409141081464814,TRUE
"Nurhachius luei",8.7,862612548162676,164.122725349132,1.55370022047112e-05,2.11014597806607,"Pterodactyloidea","Ornithocheiromorpha","Istiodactyloidae","Terrestrial environment","Carnivore","Piscivore",170.1,-0.481630838729407,0.209180882280709,TRUE
"Haopterus gracilis",11.4,4791258314.09054,223.300776460973,0.0399392387863064,2.69016321271674,"Pterodactyloidea","Ornithocheiromorpha","Istiodactyloidae","Terrestrial environment","Carnivore","Piscivore",128,1.46184330014801,-1.14393592414065,TRUE
"Yixianopterus jingangshanensis",8.6,7088428704.21117,234.204938771379,0.262924941552216,2.06887161739657,"Pterodactyloidea","Ornithocheiromorpha","Istiodactyloidae","Terrestrial environment","Carnivore","Piscivore",220.2,0.108160409296659,-0.707454143146579,TRUE
"Longchengopterus zhaoi",10.9,6997652025.7374,282.220068238213,0.16095996581436,2.64115233164018,"Pterodactyloidea","Ornithocheiromorpha","Istiodactyloidae","Terrestrial environment","Carnivore","Piscivore",201.2,1.45120165997899,-0.928034410359844,TRUE
"Mimodactylus libanensis",13.2,6411301690.68297,228.34997287032,0.0189216753368302,3.17958338932769,"Pterodactyloidea","Ornithocheiromorpha","Istiodactyloidae","Coastal to marine environment","Piscivore","Piscivore",116,2.47514903182523,-1.39341700123333,TRUE
"Hongshanopterus lacustris",9.1,608613049193606,213.945764378175,2.11437206103954e-05,2.42768301833082,"Pterodactyloidea","Ornithocheiromorpha","Istiodactyloidae","Terrestrial environment","Carnivore","Piscivore",177.6,0.226438757118653,-0.100046222453311,TRUE
"Liaoxipterus brachyognathus",9.9,539847471532625,189.340859431901,6.7495414591143e-06,2.40375164880615,"Pterodactyloidea","Ornithocheiromorpha","Istiodactyloidae","Terrestrial environment","Carnivore","Piscivore",125.6,0.384178106118263,-0.32343649642362,TRUE
"Luchibang xingzhe",10.1,449602886915539,263.421579232017,4.85719510483136e-05,2.34346985821389,"Pterodactyloidea","Ornithocheiromorpha","Istiodactyloidae","Terrestrial environment","Carnivore","Piscivore",206.4,0.622444285095505,-0.273642269757168,TRUE
"Lingyuanopterus camposi",10.2,546076391840949,294.726859177215,7.56155145544362e-05,2.33403570391144,"Pterodactyloidea","Ornithocheiromorpha","Istiodactyloidae","Terrestrial environment","Carnivore","Piscivore",242.2,0.676118847576396,-0.0790079770165327,TRUE
"Pteranodon sternbergi",10.7,7998215508.06772,556.211790890007,4.15122038678625,2.79943283098656,"Pterodactyloidea","Pteranodontia","Pteranodontidae","Coastal to marine environment","Piscivore","Generalist",513.4,2.80212666046422,0.297074620410071,TRUE
"Dawndraco kanzai",11.2,7799085029.16232,568.04006831319,2.11218868033833,2.68809007518075,"Pterodactyloidea","Pteranodontia","Pteranodontidae","Coastal to marine environment","Piscivore","Generalist",421,2.6016516298463,0.00263899821939119,TRUE
"Pteranodon longiceps",11,3586097693.56659,773.5125912436,28.1820463630974,2.49023314594178,"Pterodactyloidea","Pteranodontia","Pteranodontidae","Coastal to marine environment","Piscivore","Generalist",708.6,6.09361655775395,4.30316510079429,FALSE
"Alamodactylus byrdi",12.4,6424504081.9209,678.863609467456,1.93194360695907,2.98394122158406,"Pterodactyloidea","Pteranodontia","Nyctosauridae","Coastal to marine environment","Piscivore","Carnivore",402,3.51829886912979,0.0758610887760928,FALSE
"Muzquizopteryx coahuilensis",9.1,5324905350.63151,224.017967984319,0.145703142463152,2.23654219035048,"Pterodactyloidea","Pteranodontia","Nyctosauridae","Coastal to marine environment","Piscivore","Carnivore",180.9,0.37784922167556,-0.82610150757856,TRUE
"Nyctosaurus gracilis",14.7,3836423869.30676,621.817528926719,0.695776848345141,3.81923336751351,"Pterodactyloidea","Pteranodontia","Nyctosauridae","Coastal to marine environment","Piscivore","Carnivore",286.9,4.71330967211434,-0.605738313989722,FALSE
"Nyctosaurus nanus",12.8,5124601882.92339,367.706636155606,0.152544418926237,3.14396995154649,"Pterodactyloidea","Pteranodontia","Nyctosauridae","Coastal to marine environment","Piscivore","Carnivore",192,2.72694618439465,-0.994389849996327,TRUE
"Alcione elainus",10.7,8255383999.19922,399.085183273103,0.196756146633771,2.61326041904058,"Pterodactyloidea","Pteranodontia","Nyctosauridae","Coastal to marine environment","Piscivore","Carnivore",220.4,1.69158121198906,-0.61784812856999,TRUE
"Barbarydactylus grandis",12.8,4430205205.03117,704.327146171694,4.21344908991583,3.11702429977675,"Pterodactyloidea","Pteranodontia","Nyctosauridae","Coastal to marine environment","Piscivore","Carnivore",459.7,4.11575254513119,0.403877494155167,FALSE
"Simurghia robusta",9.1,7588009324.09261,612.733051085067,5.44671928773448,2.16011551719224,"Pterodactyloidea","Pteranodontia","Nyctosauridae","Coastal to marine environment","Piscivore","Carnivore",512.2,2.00861685636543,0.884416657140759,FALSE
"Epapatelo otyikokolo",15.4,6090643438.70925,834.147600661886,2.38550829464567,3.78397264700035,"Pterodactyloidea","Pteranodontia","Nyctosauridae","Coastal to marine environment","Piscivore","Carnivore",446,5.6517611824719,0.0860538591588315,FALSE
"Simurghia lamegoi",12.7,7588009324.09261,668.287330620276,3.2285470993871,2.16011551719224,"Pterodactyloidea","Pteranodontia","Nyctosauridae","Coastal to marine environment","Piscivore","Carnivore",444,2.85827987071851,0.349742413976523,FALSE
"Propterodactylus frankerlae",7.3,845252633909293,61.1261398176292,1.6586879102877e-07,1.84432135894673,"Pterodactyloidea","basal pterodactyloidea","basal pterodactyloidea","Coastal to terrestrial environment","Carnivore","Piscivore",47.9,-1.4123125422384,0.120093261144931,TRUE
"Changchengopterus pani",8.2,771579936044686,86.4610169491526,1.07819930556536e-06,1.9406180643969,"Pterodactyloidea","basal pterodactyloidea","basal pterodactyloidea","Terrestrial environment","Carnivore","Insectivore",79.3,-0.961615476360626,-0.0201292732836378,TRUE
"Kryptodrakon progenitor",7.2,811748440835293,141.313836898396,1.20144646417885e-05,1.76010581977624,"Pterodactyloidea","basal pterodactyloidea","basal pterodactyloidea","Terrestrial environment","Carnivore","Insectivore",150.8,-1.29217860383615,0.292712313608376,TRUE
"Skiphosoura barvarica",7.7,840496346513856,149.815502183406,1.89622751435785e-05,1.84714292546587,"Pterodactyloidea","basal pterodactyloidea","basal pterodactyloidea","Coastal to terrestrial environment","Carnivore","Piscivore",173.9,-1.05684037041678,0.28770901576778,TRUE
"Diopecephalus kochi",7.2,729639625099322,47.7243243243243,6.28695549803155e-08,1.75731953081757,"Pterodactyloidea","basal pterodactyloidea","basal pterodactyloidea","Coastal to terrestrial environment","Carnivore","Piscivore",35.4,-1.50930180516031,-0.0402123078666891,TRUE
"Pterodactylus antiquus",9,945686934356468,149.801997077448,5.81862060651872e-06,2.1322515559862,"Pterodactyloidea","Ctenochasmatoidea","basal ctenochasmatoidae","Coastal to terrestrial environment","Piscivore","Generalist",133.8,-0.458652718995542,0.251652513827264,TRUE
"Cycnorhamphus suevicus",7.7,949565673870693,245.339901026393,4.83496848311085e-05,1.85699554627074,"Pterodactyloidea","Ctenochasmatoidea","basal ctenochasmatoidae","Coastal to terrestrial environment","Filter Feeder","Piscivore",232.6,-0.840606094468824,0.659691781792139,TRUE
"Cycnorhamphus canjuersensis",8,906118676566106,192.000773594636,8.65940164210952e-06,2.00189758365458,"Pterodactyloidea","Ctenochasmatoidea","basal ctenochasmatoidae","Coastal to terrestrial environment","Filter Feeder","Piscivore",143.8,-0.730418073313352,0.420104934287229,TRUE
"Ctenochasma elegans",7.8,328496972299340,137.923786323299,2.12698147539139e-05,1.77722404006545,"Pterodactyloidea","Ctenochasmatoidea","Ctenochasmatidae","Coastal to terrestrial environment","Filter Feeder","Piscivore",147.2,-0.877136065634618,-0.415001758689024,TRUE
"Ctenochasma taqueti",7.6,1087261296329642,131.811646951774,3.61541220089289e-06,1.8314527809588,"Pterodactyloidea","Ctenochasmatoidea","Ctenochasmatidae","Coastal to terrestrial environment","Filter Feeder","Piscivore",117.4,-1.2744645247625,0.582860587837775,TRUE
"Eosipterus yangi",8.3,1159793849599090,125.32315270936,2.78132659374127e-06,1.99846790294794,"Pterodactyloidea","Ctenochasmatoidea","Ctenochasmatidae","Terrestrial environment","Filter Feeder","Piscivore",111.9,-0.963853405624096,0.566545756160736,TRUE
"Pterodaustro guinazui",8,726108577361150,222.810631100051,0.000169342919990068,1.8880773765023,"Pterodactyloidea","Ctenochasmatoidea","Ctenochasmatidae","Terrestrial environment","Filter Feeder","Piscivore",309.7,-0.675392658275054,0.275913100057958,TRUE
"Beipiaopterus chenianus",9.3,1097138786670545,168.272291083567,2.81020060070135e-06,2.33605576226352,"Pterodactyloidea","Ctenochasmatoidea","Ctenochasmatidae","Terrestrial environment","Filter Feeder","Piscivore",116.1,-0.188634774058302,0.432021097672483,TRUE
"Kepodactylus insperatus",6.9,621037344724265,154.032206248494,4.63934551508196e-05,1.67575659493927,"Pterodactyloidea","Ctenochasmatoidea","Ctenochasmatidae","Terrestrial environment","Filter Feeder","Piscivore",205.2,-1.33083670801517,0.114886112533357,TRUE
"Elanodactylus prolatus",7.6,963279426128403,221.574595842956,5.47914836516499e-05,1.81501932130623,"Pterodactyloidea","Ctenochasmatoidea","Ctenochasmatidae","Terrestrial environment","Filter Feeder","Piscivore",239,-0.983786885645651,0.637607426460427,TRUE
"Forfexopterus jeholensis",9.4,824593833970149,248.150392464678,4.25796630795536e-05,2.17360817487178,"Pterodactyloidea","Ctenochasmatoidea","Ctenochasmatidae","Terrestrial environment","Filter Feeder","Piscivore",222.2,0.0228335219111743,0.282148486025549,TRUE
"Gegepterus changi",7.1,474015200516931,82.2445980985307,8.86596420122144e-07,1.70360814469923,"Pterodactyloidea","Ctenochasmatoidea","Ctenochasmatidae","Terrestrial environment","Filter Feeder","Piscivore",66.4,-1.3692824604412,-0.27606253106458,TRUE
"Liaodactylus primus",7,398057543657734,92.4445676274945,8.18960488410749e-07,1.80203154048266,"Pterodactyloidea","Ctenochasmatoidea","Ctenochasmatidae","Terrestrial environment","Filter Feeder","Piscivore",63,-1.22586528053021,-0.359145436845753,TRUE
"Pterofiltrus qiui",7.5,755918811998552,134.768446601942,2.60067362320966e-06,1.8678992714417,"Pterodactyloidea","Ctenochasmatoidea","Ctenochasmatidae","Terrestrial environment","Filter Feeder","Piscivore",99.2,-1.08707426610824,0.155608283318972,TRUE
"Cathayopterus grabaui",7.4,1041063982419590,148.963266261114,6.20013573690338e-06,1.93748748701049,"Pterodactyloidea","Ctenochasmatoidea","Ctenochasmatidae","Terrestrial environment","Filter Feeder","Piscivore",135.6,-1.14600339598187,0.564185368972677,TRUE
"Gnathosaurus subulatus",7.7,665535883328190,146.568202554745,9.1285213901581e-06,1.82573900453128,"Pterodactyloidea","Ctenochasmatoidea","Ctenochasmatidae","Coastal to terrestrial environment","Filter Feeder","Piscivore",136,-0.999775343628511,0.0524220864816831,TRUE
"Lusognathus almadrava",7.6,900416641241896,246.106685425966,0.000125434444407437,1.79456499201636,"Pterodactyloidea","Ctenochasmatoidea","Ctenochasmatidae","Coastal to terrestrial environment","Filter Feeder","Piscivore",295.8,-0.906541775427036,0.617035843086979,TRUE
"Garudapterus buffetauti",7.6,956266502569676,272.236287075684,0.000205721271844974,1.79076548135329,"Pterodactyloidea","Ctenochasmatoidea","Ctenochasmatidae","Fluvial environment","Filter Feeder","Piscivore",340.4,-0.867417552494103,0.754286908335328,TRUE
"Tacuadactylus luciae",7.5,821081434710593,186.654624277457,2.61807667138048e-05,1.8135727068681,"Pterodactyloidea","Ctenochasmatoidea","Ctenochasmatidae","Coastal to terrestrial environment","Filter Feeder","Piscivore",189.4,-1.03569436463677,0.375744857526109,TRUE
"Huanhepterus quingyangensis",6.6,853925652958352,178.344834855938,0.000144374896230312,1.56068605760717,"Pterodactyloidea","Ctenochasmatoidea","Ctenochasmatidae","Terrestrial environment","Piscivore","Carnivore",295.8,-1.58469641633544,0.529888377061844,TRUE
"Feilongus youngi",7,721244514949480,198.047720797721,6.04928824782925e-05,1.6302410687118,"Pterodactyloidea","Ctenochasmatoidea","Lonchodectidae","Terrestrial environment","Piscivore","Carnivore",226.8,-1.28245854362495,0.351202977777029,TRUE
"Moganopterus zhuiana",7.1,706979132455894,246.213820857044,0.000289236040929398,1.67283897943691,"Pterodactyloidea","Ctenochasmatoidea","Lonchodectidae","Terrestrial environment","Piscivore","Carnivore",348.2,-1.07163593631994,0.431126281230775,TRUE
"Germanodactylus cristatus",8.9,476241716508964,152.888939670932,4.38273085981481e-06,2.08942080809187,"Pterodactyloidea","Dsungaripteroidea","Germanodactyloidea","Coastal to terrestrial environment","Piscivore","Durophageous",106.5,-0.284793591467548,-0.344117298530941,TRUE
"Tendaguripterus recki",8.1,606977787461239,130.038513210927,3.14222629271825e-06,1.94240935004791,"Pterodactyloidea","Dsungaripteroidea","Germanodactyloidea","Terrestrial environment","Carnivore","Durophageous",100.9,-0.78425699913345,-0.123497480120468,TRUE
"Germanodactylus rhamphastinus",7.6,743132471118558,108.050404480398,3.65789275790501e-06,1.82027388734632,"Pterodactyloidea","Dsungaripteroidea","Germanodactyloidea","Coastal to terrestrial environment","Piscivore","Durophageous",107.9,-1.17701574086196,0.0730065115827862,TRUE
"Noripterus complicidens",8.4,753386190319938,262.700262386171,2.86868600602876e-05,2.12660694921239,"Pterodactyloidea","Dsungaripteroidea","Dsungaripteridae","Terrestrial environment","Durophageous","Piscivore",196.2,-0.220370698826856,0.328012752569641,TRUE
"Dsungaripterus weii",8,1330289053874647,301.550706646295,0.000123092766949464,1.88479564665757,"Pterodactyloidea","Dsungaripteroidea","Dsungaripteridae","Terrestrial environment","Durophageous","Piscivore",321.2,-0.769532946872536,1.26396243379132,TRUE
"Domeykodactylus ceciliae",8.2,947223097121890,272.63914893617,5.34668710961881e-05,1.95004299721065,"Pterodactyloidea","Dsungaripteroidea","Dsungaripteridae","Terrestrial environment","Durophageous","Piscivore",239.2,-0.531812272450076,0.65775185169425,TRUE
"Puntanipterus globosus",8.1,749710712667736,143.673110720562,2.12214173007174e-06,1.97908658112777,"Pterodactyloidea","Dsungaripteroidea","Dsungaripteridae","Terrestrial environment","Durophageous","Piscivore",95.4,-0.780483068104615,0.0915441553292609,TRUE
"Noripterus parvus",7.2,1021705266412440,178.253399258344,2.10161656627288e-05,1.74157409029294,"Pterodactyloidea","Dsungaripteroidea","Dsungaripteridae","Terrestrial environment","Durophageous","Piscivore",184.4,-1.3171024124431,0.662076386484108,TRUE
"Shenzhoupterus chaoyangensis",7.4,855761904287304,141.708912510221,5.86263651740413e-06,1.75167782317515,"Pterodactyloidea","Azhdarchoidea","Chaoyangopteridae","Terrestrial environment","Generalist","Piscivore",125.6,-1.26842140649872,0.333882849478185,TRUE
"Chaoyangopterus zhangi",8.5,1205935042652218,162.679542537052,1.54915136224157e-05,2.10581022657919,"Pterodactyloidea","Azhdarchoidea","Chaoyangopteridae","Terrestrial environment","Generalist","Piscivore",182,-0.717807829767208,0.679445306764369,TRUE
"Microtuban altivolans",8.8,949213333447636,161.690036900369,3.21599307154036e-06,2.13611548518004,"Pterodactyloidea","Azhdarchoidea","Chaoyangopteridae","Coastal to marine environment","Generalist","Piscivore",113.2,-0.477734673982998,0.303595952299077,TRUE
"Jidapterus edentus",7,886206388286729,151.731807356444,1.7896944459143e-05,1.62227682381155,"Pterodactyloidea","Azhdarchoidea","Chaoyangopteridae","Terrestrial environment","Generalist","Piscivore",169.1,-1.50094422080975,0.459210995176069,TRUE
"Apatorhamphus gyrostega",7.9,768458840640137,297.435809935205,0.000219077213784824,1.86243238830987,"Pterodactyloidea","Azhdarchoidea","Chaoyangopteridae","Terrestrial environment","Generalist","Piscivore",331.8,-0.546944087705465,0.525316959758507,TRUE
"Eoazhdarcho liaoxiensis",6.3,984474169590262,120.04901633878,1.31748126571969e-05,2.0275784431536,"Pterodactyloidea","Azhdarchoidea","Chaoyangopteridae","Terrestrial environment","Generalist","Piscivore",165.3,-1.39740526583065,0.511022526850755,TRUE
"Caiuajara dobruskii",7.7,652571667253483,182.414376010584,2.38400461114216e-05,1.80001643071004,"Pterodactyloidea","Azhdarchoidea","Tapejaridae","Terrestrial environment","Herbivore","Durophageous",174.2,-0.922446938177478,0.125866378737072,TRUE
"Tapejara wellnhoferi",7.9,782861719287466,168.976076555024,1.03813742641177e-05,1.67886025410082,"Pterodactyloidea","Azhdarchoidea","Tapejaridae","Fluvial environment","Herbivore","Durophageous",143.6,-1.09931186099548,0.267170542528039,TRUE
"Wightia declivirostris",8.1,771703878192867,140.142857142857,3.97875329093825e-06,1.93768524431886,"Pterodactyloidea","Azhdarchoidea","Tapejaridae","Fluvial environment","Herbivore","Durophageous",113.1,-0.845021473410143,0.11923912239788,TRUE
"Nemicolopterus crypticus",9.4,578036818493160,54.0708661417323,1.67001483726233e-08,2.21518829327528,"Pterodactyloidea","Azhdarchoidea","Tapejaridae","Terrestrial environment","Herbivore","Durophageous",24.3,-0.338753836801122,-0.517186051965243,TRUE
"Europejara olcadesorum",7.4,738634836962689,187.956142898635,3.97628604230308e-05,1.81248559974378,"Pterodactyloidea","Azhdarchoidea","Tapejaridae","Fluvial environment","Herbivore","Durophageous",206.1,-1.01848458509268,0.279820545262125,TRUE
"Torukjara bandeirae",7.5,802217704615178,148.134771465186,8.81152940454286e-06,1.82663044222395,"Pterodactyloidea","Azhdarchoidea","Tapejaridae","Terrestrial environment","Herbivore","Durophageous",140,-1.11760437103994,0.256000962013216,TRUE
"Sinopterus dongi",7.2,472468193664306,161.855130784708,4.80050244291517e-05,1.69563546289515,"Pterodactyloidea","Azhdarchoidea","Tapejaridae","Terrestrial environment","Herbivore","Durophageous",195.6,-1.13244695089947,-0.0950953634746563,TRUE
"Huaxidraco corollatus",7.4,904150936455844,181.434948979592,2.86396955245166e-05,1.80277095624386,"Pterodactyloidea","Azhdarchoidea","Tapejaridae","Terrestrial environment","Herbivore","Durophageous",196.4,-1.13035550292902,0.484502470178363,TRUE
"Tupandactylus navigans",7.2,667171652672674,203.697870102551,5.77098290654447e-05,1.70722299053848,"Pterodactyloidea","Azhdarchoidea","Tapejaridae","Fluvial environment","Herbivore","Durophageous",220.6,-1.10441668899606,0.260718819400785,TRUE
"Tupandactylus imperator",6.8,667171652672674,251.326499811345,0.000315728370125564,1.70722299053848,"Pterodactyloidea","Azhdarchoidea","Tapejaridae","Fluvial environment","Herbivore","Durophageous",350.9,-1.08196774842618,0.41397764971771,TRUE
"Eopteranodon lii",8.4,1143802583441728,156.733397497594,3.84587277857004e-06,2.04535847154035,"Pterodactyloidea","Azhdarchoidea","Tapejaridae","Terrestrial environment","Herbivore","Durophageous",122.7,-0.793434336384737,0.603149430461291,TRUE
"Caupedactylus ybaka",7.5,860925856175509,245.837903921757,0.000133007275134524,1.854248228932,"Pterodactyloidea","Azhdarchoidea","Tapejaridae","Fluvial environment","Herbivore","Durophageous",297,-0.851135819186071,0.563639272297482,TRUE
"Afrotapejara zouhrii",7.6,1038538701640578,259.906297822248,0.000161925498093508,1.8399887104364,"Pterodactyloidea","Azhdarchoidea","Tapejaridae","Fluvial environment","Herbivore","Durophageous",327,-0.890733734402844,0.82488310987166,TRUE
"Aymberedactylus cearensis",7.6,675151897996312,215.137736119061,7.5752188673595e-05,1.85207271693734,"Pterodactyloidea","Azhdarchoidea","Tapejaridae","Fluvial environment","Herbivore","Durophageous",243,-0.816363343896592,0.235085853740168,TRUE
"Vectidraco daisymorrisae",7.3,705286589227985,132.589220089833,3.52019184885033e-06,1.83219450254598,"Pterodactyloidea","Azhdarchoidea","Tapejaridae","Fluvial environment","Herbivore","Durophageous",105.2,-1.15900342460585,0.108994874843755,TRUE
"Tupuxuara leonardii",7.1,1116956026543355,229.868628813238,0.000186699460287582,1.88757913230886,"Pterodactyloidea","Azhdarchoidea","Thalassodromeidae","Fluvial environment","Carnivore","Generalist",338.8,-1.09686692929898,0.896569747195116,TRUE
"Thalassodromeus sehti",7.7,1137830303681870,303.142743854084,0.000462334459222793,1.88096115725313,"Pterodactyloidea","Azhdarchoidea","Thalassodromeidae","Fluvial environment","Carnivore","Generalist",443.6,-0.752572010752927,1.04328394256037,TRUE
"Thalassodromeus oberlii",7.7,1225535850502387,271.781475504674,0.000220271808354365,1.86003793289894,"Pterodactyloidea","Azhdarchoidea","Thalassodromeidae","Fluvial environment","Carnivore","Generalist",365.8,-0.904808559838668,1.08735833213507,TRUE
"Tupuxuara longicristatus",8.5,951545935960244,328.094944912508,0.000650208517188103,2.01344008726923,"Pterodactyloidea","Azhdarchoidea","Thalassodromeidae","Fluvial environment","Carnivore","Generalist",478.4,-0.234584930128936,0.756849529413302,TRUE
"Azhdarcho lancicollis",6.5,628540042407532,215.766393442623,0.000198117662425395,1.72038698119528,"Pterodactyloidea","Azhdarchoidea","Azhdarchidae","Terrestrial environment","Carnivore","Generalist",302.2,-1.22648193568413,0.304265291549954,TRUE
"Aralazhdarcho bostobensis",6.5,876274302024174,212.41436113206,0.000156307521661467,1.70277032512123,"Pterodactyloidea","Azhdarchoidea","Azhdarchidae","Terrestrial environment","Carnivore","Generalist",301.8,-1.37966649240309,0.626547128771331,TRUE
"Radiodactylus langstoni",7.1,1245462766672732,222.853416994255,0.000117441315239112,1.84918012133218,"Pterodactyloidea","Azhdarchoidea","Azhdarchidae","Terrestrial environment","Carnivore","Generalist",313,-1.22167934196736,1.05609172867499,TRUE
"Montanazhdarcho minor",5.1,427469042221882,112.193470754421,8.53385239119891e-05,1.54460175278738,"Pterodactyloidea","Azhdarchoidea","Azhdarchidae","Terrestrial environment","Carnivore","Generalist",214,-1.9705907601187,-0.0444319190624015,TRUE
"Tsogtopteryx mongoliensis",6.6,620280538032702,158.34219833074,2.35600505982077e-05,1.69544507129754,"Pterodactyloidea","Azhdarchoidea","Azhdarchidae","Terrestrial environment","Carnivore","Generalist",167.6,-1.37866740360224,0.149923732570199,TRUE
"Gobiazhdarcho tsogtbaatari",6.7,925186510464048,396.140511398906,0.00285632630186834,1.72094259823571,"Pterodactyloidea","Azhdarchoidea","Azhdarchidae","Terrestrial environment","Carnivore","Generalist",680.8,-0.828978660906759,1.11059223727764,TRUE
"Eurazhdarcho langendorfensis",5.4,623222864183933,120.056651069519,6.3358102448528e-05,1.58971771742778,"Pterodactyloidea","Azhdarchoidea","Azhdarchidae","Archipelago","Carnivore","Generalist",214.4,-1.91971112615076,0.196268792726657,TRUE
"Zhejiangopterus linhaiensis",6.8,3643308917742317,218.029279037284,4.01973770848206e-05,1.32296743759761,"Pterodactyloidea","Azhdarchoidea","Azhdarchidae","Fluvial environment","Carnivore","Generalist",272,-3.08561012844859,4.33216437771761,TRUE
"Wellnhopterus brevirostris",5.7,1933325304404740,190.575700746794,9.9876152708587e-05,1.54561556076452,"Pterodactyloidea","Azhdarchoidea","Azhdarchidae","Fluvial environment","Carnivore","Generalist",308.9,-2.35598126225763,2.07520906882622,TRUE
"Quetzacoatlus northropi",6.2,1095321924183349,428.921927022446,0.00944758488240005,1.77352503488377,"Pterodactyloidea","Azhdarchoidea","Azhdarchidae","Fluvial environment","Carnivore","Generalist",973.8,-0.903800577283378,1.45451527563043,TRUE
"Quetzacoatlus lawsoni",5.9,603445566246579,244.915176830061,0.000903672689216127,1.63419229428213,"Pterodactyloidea","Azhdarchoidea","Azhdarchidae","Fluvial environment","Carnivore","Generalist",445.4,-1.38674233521147,0.414225894429644,TRUE
"Hatzegopteryx thambena",7.5,1233099342670493,531.738772136039,0.00818270162429428,1.95173564282848,"Pterodactyloidea","Azhdarchoidea","Azhdarchidae","Coastal to terrestrial environment","Carnivore","Generalist",982.2,-0.15425736798453,1.72684438190808,TRUE
"Cryodrakon boreas",6.7,851661443816790,464.400243836359,0.0111147638366428,1.81583550562001,"Pterodactyloidea","Azhdarchoidea","Azhdarchidae","Terrestrial environment","Carnivore","Generalist",971.6,-0.503928133943502,1.16236107749088,TRUE
"Arambourgiania philadelphiae",6.7,1004729460689840,457.96190345207,0.00881299920828665,1.73828736137848,"Pterodactyloidea","Azhdarchoidea","Azhdarchidae","Coastal to terrestrial environment","Carnivore","Generalist",940,-0.681249147707693,1.36213242739583,TRUE
"Phosphatodraco mauritanicus",6.7,810859956989743,235.827122432464,0.000196467289415978,1.73736280947818,"Pterodactyloidea","Azhdarchoidea","Azhdarchidae","Coastal environment","Carnivore","Generalist",317.4,-1.19214475709757,0.57106285969488,TRUE
"Alanqa saharica",6.7,881547837895790,367.90228320178,0.00197342141168842,1.72320031356108,"Pterodactyloidea","Azhdarchoidea","Azhdarchidae","Fluvial environment","Carnivore","Generalist",609.6,-0.881773904726123,0.984557044570402,TRUE
"Leptostomia begaaensis",6.5,757578062240209,112.102722772277,2.77560240140179e-06,1.72759654491561,"Pterodactyloidea","Azhdarchoidea","Azhdarchidae","Fluvial environment","Carnivore","Generalist",98.4,-1.56747041707068,0.224357769220476,TRUE
"Nipponopterus mifunensis",6.7,725972857983314,248.787096103176,0.0002692331911478,1.69417548318902,"Pterodactyloidea","Azhdarchoidea","Azhdarchidae","Terrestrial environment","Carnivore","Generalist",337,-1.15940025001128,0.497491817713071,TRUE
"Albadraco tharmisensis",6.5,3790776489303016,349.214535565635,0.000536275785367667,1.86475848872465,"Pterodactyloidea","Azhdarchoidea","Azhdarchidae","Archipelago","Carnivore","Generalist",602.4,-2.30987303727823,4.77822830643935,TRUE
"Aerotitan sudamericanus",6.6,706128218007221,292.901962893251,0.00126839184248786,1.72041304264849,"Pterodactyloidea","Azhdarchoidea","Azhdarchidae","Fluvial environment","Carnivore","Generalist",511.6,-1.02788694823123,0.582611805276309,TRUE
"Argentinadraco barrealensis",6.4,529116509092592,184.476158540675,9.0471355762365e-05,1.73840941746506,"Pterodactyloidea","Azhdarchoidea","Azhdarchidae","Fluvial environment","Carnivore","Generalist",235,-1.26955456795532,0.10428076740449,TRUE
"Xericeps curvirostris",6.5,2201293350218288,244.921529704391,0.000180545066834291,1.72261046984003,"Pterodactyloidea","Azhdarchoidea","Azhdarchidae","Fluvial environment","Carnivore","Generalist",385.2,-1.94057254823902,2.4519139748053,TRUE
